siRNA,RF_Classifier_prob
A1,0.75
A2,0.65
A3,0.7
A4,0.8
A5,0.65
A6,0.55
A7,0.6
A8,0.6
A9,0.65
A10,0.65
A11,0.6
A12,0.6
A13,0.6
A14,0.6
A15,0.7
A16,0.6
A17,0.75
A18,0.75
A19,0.8
A20,0.6
A21,0.6
A22,0.6
A23,0.6
A24,0.55
A25,0.65
A26,0.55
A27,0.55
A28,0.5
A29,0.55
A30,0.7
A31,0.7
A32,0.6
A33,0.6
A34,0.65
A35,0.6
A36,0.65
A37,0.75
A38,0.7
A39,0.65
A40,0.65
A41,0.65
A42,0.65
A43,0.65
A44,0.65
A45,0.6
A46,0.6
A47,0.6
A48,0.45
A49,0.4
A50,0.6
A51,0.6
A52,0.8
A53,0.8
A54,0.55
A55,0.75
A56,0.75
A57,0.45
A58,0.6
A59,0.65
A60,0.65
A61,0.65
A62,0.45
A63,0.5
A64,0.5
A65,0.7
A66,0.7
A67,0.7
A68,0.6
A69,0.75
A70,0.8
A71,0.8
A72,0.45
A73,0.4
A74,0.3
A75,0.55
A76,0.55
A77,0.55
A78,0.5
A79,0.55
A80,0.6
A81,0.6
A82,0.65
A83,0.6
A84,0.65
A85,0.75
A86,0.7
A87,0.7
A88,0.55
A89,0.7
A90,0.5
A91,0.55
A92,0.55
A93,0.7
A94,0.75
A95,0.8
A96,0.65
A97,0.65
A98,0.7
A99,0.7
A100,0.7
A101,0.55
A102,0.55
A103,0.55
A104,0.55
A105,0.35
A106,0.45
A107,0.5
A108,0.7
A109,0.7
A110,0.7
A111,0.8
A112,0.65
A113,0.65
A114,0.65
A115,0.6
A116,0.6
A117,0.7
A118,0.7
A119,0.75
A120,0.7
A121,0.7
A122,0.6
A123,0.4
A124,0.45
A125,0.75
A126,0.75
A127,0.5
A128,0.45
A129,0.45
A130,0.65
A131,0.65
A132,0.7
A133,0.7
A134,0.7
A135,0.65
A136,0.65
A137,0.65
A138,0.6
A139,0.55
A140,0.6
A141,0.6
A142,0.6
A143,0.65
A144,0.6
A145,0.7
A146,0.7
A147,0.7
A148,0.5
A149,0.55
A150,0.7
A151,0.7
A152,0.65
A153,0.65
A154,0.6
A155,0.6
A156,0.65
A157,0.7
A158,0.7
A159,0.7
A160,0.7
A161,0.7
A162,0.7
A163,0.75
A164,0.8
A165,0.8
A166,0.75
A167,0.7
A168,0.65
A169,0.65
A170,0.7
A171,0.8
A172,0.75
A173,0.65
A174,0.65
A175,0.65
A176,0.65
A177,0.6
A178,0.55
A179,0.65
A180,0.6
A181,0.6
A182,0.6
A183,0.65
A184,0.65
A185,0.55
A186,0.5
A187,0.55
A188,0.6
A189,0.6
A190,0.55
A191,0.55
A192,0.55
A193,0.6
A194,0.6
A195,0.5
A196,0.6
A197,0.6
A198,0.75
A199,0.7
A200,0.7
A201,0.7
A202,0.7
A203,0.6
A204,0.5
A205,0.45
A206,0.45
A207,0.4
A208,0.55
A209,0.6
A210,0.6
A211,0.55
A212,0.65
A213,0.65
A214,0.65
A215,0.6
A216,0.55
A217,0.55
A218,0.55
A219,0.55
A220,0.55
A221,0.5
A222,0.6
A223,0.7
A224,0.7
A225,0.6
A226,0.6
A227,0.65
A228,0.65
A229,0.6
A230,0.65
A231,0.65
A232,0.6
A233,0.5
A234,0.65
A235,0.7
A236,0.65
A237,0.7
A238,0.7
A239,0.7
A240,0.7
A241,0.7
A242,0.65
A243,0.65
A244,0.65
A245,0.6
A246,0.55
A247,0.6
A248,0.5
A249,0.65
A250,0.65
A251,0.65
A252,0.55
A253,0.7
A254,0.7
A255,0.7
A256,0.65
A257,0.65
A258,0.65
A259,0.6
A260,0.65
A261,0.65
A262,0.65
A263,0.6
A264,0.65
A265,0.65
A266,0.65
A267,0.65
A268,0.65
A269,0.6
A270,0.6
A271,0.7
A272,0.8
A273,0.75
A274,0.75
A275,0.75
A276,0.65
A277,0.65
A278,0.6
A279,0.55
A280,0.7
A281,0.55
A282,0.65
A283,0.65
A284,0.7
A285,0.5
A286,0.6
A287,0.6
A288,0.6
A289,0.6
A290,0.5
A291,0.45
A292,0.45
A293,0.45
A294,0.65
A295,0.7
A296,0.8
A297,0.75
A298,0.75
A299,0.65
A300,0.65
A301,0.65
A302,0.65
A303,0.6
A304,0.6
A305,0.7
A306,0.75
A307,0.8
A308,0.8
A309,0.75
A310,0.5
A311,0.6
A312,0.6
A313,0.6
A314,0.6
A315,0.5
A316,0.55
A317,0.6
A318,0.6
A319,0.65
A320,0.7
A321,0.7
A322,0.75
A323,0.65
A324,0.6
A325,0.55
A326,0.6
A327,0.55
A328,0.6
A329,0.6
A330,0.6
A331,0.6
A332,0.65
A333,0.65
A334,0.75
A335,0.7
A336,0.75
A337,0.75
A338,0.55
A339,0.55
A340,0.55
A341,0.55
A342,0.6
A343,0.7
A344,0.7
A345,0.75
A346,0.6
A347,0.55
A348,0.6
A349,0.55
A350,0.55
A351,0.6
A352,0.65
A353,0.6
A354,0.6
A355,0.6
A356,0.65
A357,0.65
A358,0.6
A359,0.45
A360,0.55
A361,0.55
A362,0.45
A363,0.6
A364,0.5
A365,0.6
A366,0.65
A367,0.75
A368,0.6
A369,0.55
A370,0.65
A371,0.55
A372,0.65
A373,0.65
A374,0.65
A375,0.55
A376,0.45
A377,0.6
A378,0.6
A379,0.6
A380,0.65
A381,0.55
A382,0.55
A383,0.45
A384,0.6
A385,0.6
A386,0.5
A387,0.45
A388,0.65
A389,0.7
A390,0.65
A391,0.75
A392,0.65
A393,0.65
A394,0.7
A395,0.6
A396,0.65
A397,0.65
A398,0.65
A399,0.5
A400,0.65
A401,0.65
A402,0.6
A403,0.75
A404,0.55
A405,0.6
A406,0.65
A407,0.6
A408,0.4
A409,0.55
A410,0.65
A411,0.6
A412,0.6
A413,0.75
A414,0.65
A415,0.7
A416,0.7
A417,0.65
A418,0.65
A419,0.6
A420,0.6
A421,0.7
A422,0.5
A423,0.55
A424,0.8
A425,0.65
A426,0.7
A427,0.65
A428,0.65
A429,0.65
A430,0.65
A431,0.55
A432,0.6
A433,0.65
A434,0.5
A435,0.4
A436,0.6
A437,0.65
A438,0.45
A439,0.6
A440,0.55
A441,0.7
A442,0.75
A443,0.55
A444,0.65
A445,0.45
A446,0.55
A447,0.55
A448,0.6
A449,0.6
A450,0.75
A451,0.65
A452,0.55
A453,0.6
A454,0.55
A455,0.55
A456,0.55
A457,0.55
A458,0.45
A459,0.6
A460,0.6
A461,0.6
A462,0.7
A463,0.5
A464,0.6
A465,0.7
A466,0.75
A467,0.6
A468,0.6
A469,0.7
A470,0.7
A471,0.65
A472,0.7
A473,0.65
A474,0.5
A475,0.6
A476,0.65
A477,0.7
A478,0.65
A479,0.6
A480,0.65
A481,0.6
A482,0.75
A483,0.55
A484,0.55
A485,0.65
A486,0.7
A487,0.75
A488,0.7
A489,0.75
A490,0.65
A491,0.6
A492,0.65
A493,0.65
A494,0.8
A495,0.6
A496,0.5
A497,0.55
A498,0.7
A499,0.7
A500,0.55
A501,0.65
A502,0.65
A503,0.65
A504,0.7
A505,0.7
A506,0.8
A507,0.75
A508,0.45
A509,0.65
A510,0.6
A511,0.55
A512,0.6
A513,0.75
A514,0.55
A515,0.5
A516,0.6
A517,0.7
A518,0.65
A519,0.6
A520,0.6
A521,0.55
A522,0.6
A523,0.6
A524,0.6
A525,0.65
A526,0.5
A527,0.6
A528,0.65
A529,0.65
A530,0.7
A531,0.65
A532,0.7
A533,0.65
A534,0.65
A535,0.5
A536,0.7
A537,0.7
A538,0.5
A539,0.65
A540,0.5
A541,0.5
A542,0.55
A543,0.5
A544,0.7
A545,0.55
A546,0.65
A547,0.55
A548,0.55
A549,0.65
A550,0.45
A551,0.65
A552,0.6
A553,0.7
A554,0.65
A555,0.7
A556,0.7
A557,0.7
A558,0.55
A559,0.65
A560,0.5
A561,0.65
A562,0.6
A563,0.45
A564,0.65
A565,0.75
A566,0.65
A567,0.3
A568,0.45
A569,0.7
A570,0.65
A571,0.6
A572,0.5
A573,0.5
A574,0.55
A575,0.6
A576,0.55
A577,0.6
A578,0.45
A579,0.7
A580,0.75
A581,0.75
A582,0.6
A583,0.65
A584,0.55
A585,0.6
A586,0.45
A587,0.65
A588,0.55
A589,0.55
A590,0.85
A591,0.7
A592,0.7
A593,0.6
A594,0.55
A595,0.7
A596,0.65
A597,0.7
A598,0.75
A599,0.7
A600,0.7
A601,0.7
A602,0.6
A603,0.6
A604,0.55
A605,0.55
A606,0.5
A607,0.65
A608,0.7
A609,0.6
A610,0.65
A611,0.55
A612,0.65
A613,0.55
A614,0.55
A615,0.65
A616,0.75
A617,0.6
A618,0.7
A619,0.75
A620,0.7
A621,0.45
A622,0.6
A623,0.55
A624,0.65
A625,0.65
A626,0.65
A627,0.55
A628,0.7
A629,0.65
A630,0.65
A631,0.7
A632,0.7
A633,0.7
A634,0.65
A635,0.65
A636,0.65
A637,0.65
A638,0.75
A639,0.75
A640,0.7
A641,0.65
A642,0.7
A643,0.6
A644,0.65
A645,0.7
A646,0.75
A647,0.8
A648,0.8
A649,0.8
A650,0.8
A651,0.75
A652,0.7
A653,0.6
A654,0.7
A655,0.7
A656,0.7
A657,0.65
A658,0.65
A659,0.7
A660,0.7
A661,0.7
A662,0.7
A663,0.6
A664,0.65
A665,0.6
A666,0.75
A667,0.65
A668,0.6
A669,0.7
A670,0.7
A671,0.65
A672,0.6
A673,0.75
A674,0.7
A675,0.6
A676,0.6
A677,0.6
A678,0.55
A679,0.6
A680,0.65
A681,0.7
A682,0.45
A683,0.45
A684,0.5
A685,0.45
A686,0.65
A687,0.65
A688,0.65
A689,0.65
A690,0.6
A691,0.7
A692,0.65
A693,0.7
A694,0.75
A695,0.7
A696,0.65
A697,0.65
A698,0.6
A699,0.6
A700,0.55
A701,0.55
A702,0.45
A703,0.55
A704,0.6
A705,0.65
A706,0.7
A707,0.7
A708,0.45
A709,0.65
A710,0.7
A711,0.7
A712,0.7
A713,0.65
A714,0.65
A715,0.6
A716,0.6
A717,0.5
A718,0.55
A719,0.7
A720,0.6
A721,0.7
A722,0.7
A723,0.65
A724,0.5
A725,0.7
A726,0.75
A727,0.7
A728,0.75
A729,0.7
A730,0.75
A731,0.75
A732,0.65
A733,0.65
A734,0.6
A735,0.55
A736,0.6
A737,0.65
A738,0.65
A739,0.65
A740,0.65
A741,0.65
A742,0.65
A743,0.65
A744,0.6
A745,0.6
A746,0.55
A747,0.6
A748,0.65
A749,0.65
A750,0.6
A751,0.6
A752,0.7
A753,0.7
A754,0.55
A755,0.45
A756,0.6
A757,0.65
A758,0.65
A759,0.75
A760,0.9
A761,0.8
A762,0.85
A763,0.75
A764,0.75
A765,0.7
A766,0.65
A767,0.65
A768,0.6
A769,0.65
A770,0.65
A771,0.65
A772,0.5
A773,0.55
A774,0.55
A775,0.6
A776,0.65
A777,0.6
A778,0.6
A779,0.6
A780,0.7
A781,0.65
A782,0.65
A783,0.75
A784,0.7
A785,0.5
A786,0.65
A787,0.55
A788,0.55
A789,0.65
A790,0.7
A791,0.7
A792,0.7
A793,0.7
A794,0.65
A795,0.65
A796,0.6
A797,0.55
A798,0.55
A799,0.55
A800,0.55
A801,0.65
A802,0.65
A803,0.55
A804,0.65
A805,0.65
A806,0.65
A807,0.65
A808,0.6
A809,0.6
A810,0.55
A811,0.55
A812,0.65
A813,0.65
A814,0.65
A815,0.65
A816,0.6
A817,0.65
A818,0.6
A819,0.7
A820,0.7
A821,0.65
A822,0.65
A823,0.6
A824,0.7
A825,0.65
A826,0.55
A827,0.55
A828,0.6
A829,0.65
A830,0.6
A831,0.55
A832,0.55
A833,0.55
A834,0.65
A835,0.55
A836,0.55
A837,0.55
A838,0.6
A839,0.7
A840,0.7
A841,0.45
A842,0.55
A843,0.55
A844,0.5
A845,0.6
A846,0.65
A847,0.75
A848,0.75
A849,0.85
A850,0.65
A851,0.6
A852,0.65
A853,0.6
A854,0.6
A855,0.6
A856,0.5
A857,0.55
A858,0.6
A859,0.7
A860,0.55
A861,0.5
A862,0.6
A863,0.55
A864,0.65
A865,0.8
A866,0.8
A867,0.7
A868,0.65
A869,0.65
A870,0.7
A871,0.7
A872,0.6
A873,0.6
A874,0.7
A875,0.7
A876,0.7
A877,0.7
A878,0.7
A879,0.7
A880,0.55
A881,0.5
A882,0.75
A883,0.7
A884,0.65
A885,0.6
A886,0.6
A887,0.6
A888,0.6
A889,0.65
A890,0.7
A891,0.7
A892,0.75
A893,0.75
A894,0.7
A895,0.5
A896,0.5
A897,0.45
A898,0.45
A899,0.5
A900,0.55
A901,0.65
A902,0.6
A903,0.6
A904,0.6
A905,0.6
A906,0.7
A907,0.7
A908,0.7
A909,0.7
A910,0.7
A911,0.7
A912,0.65
A913,0.6
A914,0.55
A915,0.7
A916,0.65
A917,0.6
A918,0.6
A919,0.6
A920,0.55
A921,0.5
A922,0.6
A923,0.65
A924,0.6
A925,0.6
A926,0.6
A927,0.6
A928,0.55
A929,0.65
A930,0.6
A931,0.6
A932,0.65
A933,0.6
A934,0.6
A935,0.6
A936,0.7
A937,0.65
A938,0.7
A939,0.6
A940,0.6
A941,0.55
A942,0.6
A943,0.5
A944,0.45
A945,0.45
A946,0.45
A947,0.65
A948,0.65
A949,0.75
A950,0.8
A951,0.8
A952,0.8
A953,0.75
A954,0.75
A955,0.75
A956,0.65
A957,0.6
A958,0.6
A959,0.55
A960,0.45
A961,0.45
A962,0.45
A963,0.6
A964,0.75
A965,0.8
A966,0.8
A967,0.5
A968,0.5
A969,0.5
A970,0.65
A971,0.7
A972,0.75
A973,0.6
A974,0.6
A975,0.6
A976,0.6
A977,0.7
A978,0.7
A979,0.7
A980,0.7
A981,0.6
A982,0.55
A983,0.7
A984,0.7
A985,0.7
A986,0.7
A987,0.65
A988,0.6
A989,0.7
A990,0.7
A991,0.75
A992,0.8
A993,0.8
A994,0.65
A995,0.65
A996,0.7
A997,0.75
A998,0.65
A999,0.6
A1000,0.6
A1001,0.7
A1002,0.7
A1003,0.65
A1004,0.75
A1005,0.7
A1006,0.7
A1007,0.65
A1008,0.65
A1009,0.65
A1010,0.55
A1011,0.55
A1012,0.65
A1013,0.65
A1014,0.65
A1015,0.65
A1016,0.7
A1017,0.7
A1018,0.75
A1019,0.7
A1020,0.7
A1021,0.65
A1022,0.65
A1023,0.7
A1024,0.45
A1025,0.45
A1026,0.35
A1027,0.4
A1028,0.5
A1029,0.5
A1030,0.65
A1031,0.7
A1032,0.65
A1033,0.65
A1034,0.6
A1035,0.7
A1036,0.6
A1037,0.65
A1038,0.7
A1039,0.5
A1040,0.7
A1041,0.7
A1042,0.65
A1043,0.65
A1044,0.6
A1045,0.6
A1046,0.6
A1047,0.45
A1048,0.45
A1049,0.5
A1050,0.45
A1051,0.45
A1052,0.45
A1053,0.65
A1054,0.6
A1055,0.45
A1056,0.45
A1057,0.55
A1058,0.5
A1059,0.55
A1060,0.65
A1061,0.6
A1062,0.6
A1063,0.65
A1064,0.5
A1065,0.55
A1066,0.6
A1067,0.65
A1068,0.7
A1069,0.65
A1070,0.65
A1071,0.65
A1072,0.65
A1073,0.7
A1074,0.7
A1075,0.55
A1076,0.6
A1077,0.55
A1078,0.6
A1079,0.65
A1080,0.7
A1081,0.7
A1082,0.75
A1083,0.75
A1084,0.75
A1085,0.75
A1086,0.7
A1087,0.75
A1088,0.65
A1089,0.6
A1090,0.6
A1091,0.55
A1092,0.55
A1093,0.55
A1094,0.55
A1095,0.55
A1096,0.6
A1097,0.6
A1098,0.6
A1099,0.6
A1100,0.65
A1101,0.65
A1102,0.7
A1103,0.55
A1104,0.55
A1105,0.55
A1106,0.55
A1107,0.65
A1108,0.6
A1109,0.65
A1110,0.65
A1111,0.65
A1112,0.6
A1113,0.6
A1114,0.7
A1115,0.7
A1116,0.65
A1117,0.65
A1118,0.65
A1119,0.65
A1120,0.45
A1121,0.5
A1122,0.45
A1123,0.5
A1124,0.5
A1125,0.65
A1126,0.6
A1127,0.55
A1128,0.65
A1129,0.75
A1130,0.65
A1131,0.65
A1132,0.65
A1133,0.6
A1134,0.6
A1135,0.55
A1136,0.6
A1137,0.6
A1138,0.6
A1139,0.6
A1140,0.6
A1141,0.65
A1142,0.7
A1143,0.7
A1144,0.7
A1145,0.7
A1146,0.65
A1147,0.6
A1148,0.6
A1149,0.6
A1150,0.65
A1151,0.6
A1152,0.65
A1153,0.7
A1154,0.7
A1155,0.7
A1156,0.65
A1157,0.65
A1158,0.7
A1159,0.55
A1160,0.45
A1161,0.5
A1162,0.6
A1163,0.6
A1164,0.65
A1165,0.65
A1166,0.8
A1167,0.75
A1168,0.75
A1169,0.8
A1170,0.75
A1171,0.55
A1172,0.55
A1173,0.65
A1174,0.55
A1175,0.5
A1176,0.5
A1177,0.6
A1178,0.7
A1179,0.7
A1180,0.8
A1181,0.8
A1182,0.8
A1183,0.75
A1184,0.65
A1185,0.65
A1186,0.55
A1187,0.55
A1188,0.7
A1189,0.75
A1190,0.7
A1191,0.6
A1192,0.65
A1193,0.7
A1194,0.7
A1195,0.5
A1196,0.6
A1197,0.7
A1198,0.5
A1199,0.4
A1200,0.55
A1201,0.55
A1202,0.45
A1203,0.5
A1204,0.55
A1205,0.75
A1206,0.7
A1207,0.7
A1208,0.55
A1209,0.7
A1210,0.7
A1211,0.7
A1212,0.8
A1213,0.75
A1214,0.7
A1215,0.7
A1216,0.6
A1217,0.65
A1218,0.65
A1219,0.85
A1220,0.85
A1221,0.85
A1222,0.45
A1223,0.55
A1224,0.6
A1225,0.5
A1226,0.7
A1227,0.7
A1228,0.7
A1229,0.6
A1230,0.5
A1231,0.5
A1232,0.65
A1233,0.65
A1234,0.65
A1235,0.6
A1236,0.65
A1237,0.4
A1238,0.6
A1239,0.6
A1240,0.75
A1241,0.65
A1242,0.65
A1243,0.65
A1244,0.7
A1245,0.85
A1246,0.85
A1247,0.8
A1248,0.75
A1249,0.75
A1250,0.75
A1251,0.65
A1252,0.7
A1253,0.7
A1254,0.7
A1255,0.7
A1256,0.65
A1257,0.65
A1258,0.6
A1259,0.55
A1260,0.55
A1261,0.45
A1262,0.45
A1263,0.5
A1264,0.75
A1265,0.8
A1266,0.55
A1267,0.5
A1268,0.55
A1269,0.5
A1270,0.5
A1271,0.55
A1272,0.6
A1273,0.55
A1274,0.55
A1275,0.65
A1276,0.7
A1277,0.7
A1278,0.7
A1279,0.7
A1280,0.5
A1281,0.6
A1282,0.6
A1283,0.65
A1284,0.7
A1285,0.7
A1286,0.7
A1287,0.7
A1288,0.7
A1289,0.8
A1290,0.8
A1291,0.8
A1292,0.65
A1293,0.7
A1294,0.7
A1295,0.7
A1296,0.65
A1297,0.65
A1298,0.65
A1299,0.65
A1300,0.65
A1301,0.55
A1302,0.65
A1303,0.65
A1304,0.6
A1305,0.6
A1306,0.65
A1307,0.55
A1308,0.45
A1309,0.6
A1310,0.6
A1311,0.65
A1312,0.65
A1313,0.6
A1314,0.6
A1315,0.65
A1316,0.65
A1317,0.65
A1318,0.7
A1319,0.75
A1320,0.55
A1321,0.5
A1322,0.65
A1323,0.65
A1324,0.65
A1325,0.7
A1326,0.65
A1327,0.6
A1328,0.5
A1329,0.4
A1330,0.5
A1331,0.6
A1332,0.65
A1333,0.75
A1334,0.65
A1335,0.55
A1336,0.65
A1337,0.7
A1338,0.7
A1339,0.7
A1340,0.75
A1341,0.6
A1342,0.55
A1343,0.6
A1344,0.65
A1345,0.65
A1346,0.7
A1347,0.75
A1348,0.7
A1349,0.65
A1350,0.65
A1351,0.75
A1352,0.5
A1353,0.65
A1354,0.8
A1355,0.8
A1356,0.75
A1357,0.7
A1358,0.55
A1359,0.5
A1360,0.7
A1361,0.7
A1362,0.65
A1363,0.65
A1364,0.45
A1365,0.85
A1366,0.55
A1367,0.5
A1368,0.65
A1369,0.75
A1370,0.6
A1371,0.6
A1372,0.8
A1373,0.65
A1374,0.6
A1375,0.65
A1376,0.7
A1377,0.65
A1378,0.6
A1379,0.55
A1380,0.65
A1381,0.75
A1382,0.6
A1383,0.5
A1384,0.7
A1385,0.5
A1386,0.5
A1387,0.6
A1388,0.7
A1389,0.55
A1390,0.55
A1391,0.65
A1392,0.8
A1393,0.8
A1394,0.65
A1395,0.65
A1396,0.55
A1397,0.55
A1398,0.55
A1399,0.55
A1400,0.5
A1401,0.6
A1402,0.65
A1403,0.65
A1404,0.65
A1405,0.65
A1406,0.65
A1407,0.65
A1408,0.65
A1409,0.65
A1410,0.65
A1411,0.6
A1412,0.6
A1413,0.65
A1414,0.65
A1415,0.65
A1416,0.7
A1417,0.7
A1418,0.7
A1419,0.7
A1420,0.7
A1421,0.7
A1422,0.65
A1423,0.65
A1424,0.75
A1425,0.7
A1426,0.65
A1427,0.7
A1428,0.7
A1429,0.75
A1430,0.65
A1431,0.65
A1432,0.65
A1433,0.65
A1434,0.65
A1435,0.7
A1436,0.6
A1437,0.55
A1438,0.5
A1439,0.55
A1440,0.6
A1441,0.65
A1442,0.75
A1443,0.5
A1444,0.5
A1445,0.55
A1446,0.75
A1447,0.7
A1448,0.7
A1449,0.6
A1450,0.65
A1451,0.6
A1452,0.6
A1453,0.65
A1454,0.6
A1455,0.6
A1456,0.6
A1457,0.55
A1458,0.7
A1459,0.75
A1460,0.7
A1461,0.65
A1462,0.65
A1463,0.6
A1464,0.5
A1465,0.55
A1466,0.5
A1467,0.5
A1468,0.5
A1469,0.65
A1470,0.65
A1471,0.6
A1472,0.65
A1473,0.7
A1474,0.75
A1475,0.7
A1476,0.7
A1477,0.7
A1478,0.7
A1479,0.75
A1480,0.75
A1481,0.75
A1482,0.65
A1483,0.6
A1484,0.6
A1485,0.65
A1486,0.65
A1487,0.6
A1488,0.6
A1489,0.7
A1490,0.7
A1491,0.55
A1492,0.55
A1493,0.55
A1494,0.6
A1495,0.65
A1496,0.65
A1497,0.55
A1498,0.65
A1499,0.65
A1500,0.7
A1501,0.9
A1502,0.85
A1503,0.85
A1504,0.85
A1505,0.75
A1506,0.75
A1507,0.65
A1508,0.5
A1509,0.5
A1510,0.5
A1511,0.45
A1512,0.4
A1513,0.45
A1514,0.65
A1515,0.65
A1516,0.7
A1517,0.6
A1518,0.6
A1519,0.65
A1520,0.6
A1521,0.6
A1522,0.6
A1523,0.65
A1524,0.65
A1525,0.65
A1526,0.7
A1527,0.7
A1528,0.65
A1529,0.8
A1530,0.75
A1531,0.75
A1532,0.75
A1533,0.75
A1534,0.75
A1535,0.65
A1536,0.65
A1537,0.65
A1538,0.65
A1539,0.7
A1540,0.75
A1541,0.7
A1542,0.7
A1543,0.7
A1544,0.6
A1545,0.6
A1546,0.6
A1547,0.6
A1548,0.7
A1549,0.7
A1550,0.65
A1551,0.65
A1552,0.55
A1553,0.65
A1554,0.6
A1555,0.65
A1556,0.65
A1557,0.6
A1558,0.55
A1559,0.5
A1560,0.5
A1561,0.5
A1562,0.6
A1563,0.65
A1564,0.7
A1565,0.75
A1566,0.65
A1567,0.65
A1568,0.65
A1569,0.6
A1570,0.7
A1571,0.65
A1572,0.6
A1573,0.65
A1574,0.7
A1575,0.7
A1576,0.7
A1577,0.65
A1578,0.65
A1579,0.75
A1580,0.7
A1581,0.65
A1582,0.65
A1583,0.55
A1584,0.55
A1585,0.55
A1586,0.55
A1587,0.6
A1588,0.75
A1589,0.55
A1590,0.55
A1591,0.4
A1592,0.55
A1593,0.5
A1594,0.4
A1595,0.6
A1596,0.6
A1597,0.65
A1598,0.5
A1599,0.65
A1600,0.6
A1601,0.6
A1602,0.65
A1603,0.55
A1604,0.6
A1605,0.65
A1606,0.65
A1607,0.7
A1608,0.75
A1609,0.7
A1610,0.6
A1611,0.55
A1612,0.6
A1613,0.6
A1614,0.6
A1615,0.75
A1616,0.7
A1617,0.7
A1618,0.65
A1619,0.65
A1620,0.65
A1621,0.75
A1622,0.75
A1623,0.75
A1624,0.75
A1625,0.7
A1626,0.65
A1627,0.65
A1628,0.65
A1629,0.5
A1630,0.5
A1631,0.65
A1632,0.65
A1633,0.6
A1634,0.35
A1635,0.4
A1636,0.7
A1637,0.55
A1638,0.55
A1639,0.4
A1640,0.5
A1641,0.5
A1642,0.55
A1643,0.55
A1644,0.65
A1645,0.7
A1646,0.75
A1647,0.75
A1648,0.75
A1649,0.65
A1650,0.65
A1651,0.65
A1652,0.65
A1653,0.65
A1654,0.65
A1655,0.55
A1656,0.35
A1657,0.35
A1658,0.35
A1659,0.5
A1660,0.7
A1661,0.65
A1662,0.65
A1663,0.75
A1664,0.85
A1665,0.8
A1666,0.75
A1667,0.6
A1668,0.6
A1669,0.6
A1670,0.45
A1671,0.55
A1672,0.7
A1673,0.55
A1674,0.55
A1675,0.55
A1676,0.55
A1677,0.5
A1678,0.55
A1679,0.6
A1680,0.65
A1681,0.6
A1682,0.6
A1683,0.65
A1684,0.7
A1685,0.6
A1686,0.65
A1687,0.65
A1688,0.55
A1689,0.55
A1690,0.5
A1691,0.55
A1692,0.55
A1693,0.75
A1694,0.75
A1695,0.75
A1696,0.7
A1697,0.7
A1698,0.75
A1699,0.75
A1700,0.75
A1701,0.7
A1702,0.7
A1703,0.6
A1704,0.6
A1705,0.6
A1706,0.65
A1707,0.6
A1708,0.75
A1709,0.55
A1710,0.45
A1711,0.35
A1712,0.5
A1713,0.5
A1714,0.5
A1715,0.65
A1716,0.7
A1717,0.75
A1718,0.65
A1719,0.65
A1720,0.55
A1721,0.5
A1722,0.45
A1723,0.5
A1724,0.5
A1725,0.55
A1726,0.65
A1727,0.55
A1728,0.65
A1729,0.5
A1730,0.6
A1731,0.7
A1732,0.7
A1733,0.7
A1734,0.7
A1735,0.6
A1736,0.65
A1737,0.65
A1738,0.85
A1739,0.65
A1740,0.65
A1741,0.8
A1742,0.7
A1743,0.75
A1744,0.7
A1745,0.8
A1746,0.75
A1747,0.6
A1748,0.65
A1749,0.65
A1750,0.75
A1751,0.65
A1752,0.65
A1753,0.5
A1754,0.5
A1755,0.65
A1756,0.65
A1757,0.6
A1758,0.6
A1759,0.75
A1760,0.75
A1761,0.6
A1762,0.65
A1763,0.65
A1764,0.65
A1765,0.65
A1766,0.6
A1767,0.65
A1768,0.65
A1769,0.6
A1770,0.7
A1771,0.6
A1772,0.65
A1773,0.65
A1774,0.7
A1775,0.65
A1776,0.75
A1777,0.6
A1778,0.65
A1779,0.6
A1780,0.65
A1781,0.65
A1782,0.7
A1783,0.7
A1784,0.7
A1785,0.55
A1786,0.8
A1787,0.7
A1788,0.75
A1789,0.65
A1790,0.65
A1791,0.8
A1792,0.8
A1793,0.75
A1794,0.65
A1795,0.35
A1796,0.5
A1797,0.6
A1798,0.65
A1799,0.85
A1800,0.75
A1801,0.5
A1802,0.65
A1803,0.55
A1804,0.65
A1805,0.6
A1806,0.6
A1807,0.7
A1808,0.5
A1809,0.65
A1810,0.65
A1811,0.7
A1812,0.75
A1813,0.75
A1814,0.75
A1815,0.6
A1816,0.7
A1817,0.75
A1818,0.6
A1819,0.6
A1820,0.8
A1821,0.8
A1822,0.8
A1823,0.7
A1824,0.6
A1825,0.65
A1826,0.4
A1827,0.55
A1828,0.75
A1829,0.65
A1830,0.65
A1831,0.6
A1832,0.6
A1833,0.65
A1834,0.6
A1835,0.7
A1836,0.6
A1837,0.6
A1838,0.6
A1839,0.65
A1840,0.55
A1841,0.55
A1842,0.6
A1843,0.65
A1844,0.6
A1845,0.65
A1846,0.65
A1847,0.65
A1848,0.65
A1849,0.55
A1850,0.65
A1851,0.7
A1852,0.65
A1853,0.7
A1854,0.65
A1855,0.65
A1856,0.75
A1857,0.7
A1858,0.7
A1859,0.7
A1860,0.5
A1861,0.8
A1862,0.6
A1863,0.65
A1864,0.65
A1865,0.75
A1866,0.8
A1867,0.7
A1868,0.6
A1869,0.65
A1870,0.65
A1871,0.75
A1872,0.55
A1873,0.6
A1874,0.6
A1875,0.5
A1876,0.7
A1877,0.7
A1878,0.65
A1879,0.7
A1880,0.75
A1881,0.7
A1882,0.6
A1883,0.55
A1884,0.7
A1885,0.75
A1886,0.6
A1887,0.75
A1888,0.65
A1889,0.65
A1890,0.65
A1891,0.75
A1892,0.7
A1893,0.45
A1894,0.55
A1895,0.65
A1896,0.55
A1897,0.6
A1898,0.6
A1899,0.55
A1900,0.65
A1901,0.65
A1902,0.65
A1903,0.6
A1904,0.65
A1905,0.35
A1906,0.4
A1907,0.7
A1908,0.65
A1909,0.6
A1910,0.7
A1911,0.65
A1912,0.7
A1913,0.6
A1914,0.65
A1915,0.65
A1916,0.7
A1917,0.65
A1918,0.65
A1919,0.7
A1920,0.6
A1921,0.5
A1922,0.55
A1923,0.6
A1924,0.5
A1925,0.6
A1926,0.6
A1927,0.65
A1928,0.75
A1929,0.5
A1930,0.65
A1931,0.7
A1932,0.65
A1933,0.45
A1934,0.45
A1935,0.7
A1936,0.55
A1937,0.65
A1938,0.6
A1939,0.6
A1940,0.65
A1941,0.75
A1942,0.5
A1943,0.75
A1944,0.65
A1945,0.6
A1946,0.65
A1947,0.65
A1948,0.8
A1949,0.55
A1950,0.55
A1951,0.6
A1952,0.6
A1953,0.6
A1954,0.7
A1955,0.7
A1956,0.55
A1957,0.55
A1958,0.7
A1959,0.7
A1960,0.6
A1961,0.65
A1962,0.65
A1963,0.65
A1964,0.45
A1965,0.45
A1966,0.6
A1967,0.75
A1968,0.75
A1969,0.5
A1970,0.6
A1971,0.6
A1972,0.55
A1973,0.6
A1974,0.6
A1975,0.75
A1976,0.8
A1977,0.85
A1978,0.9
A1979,0.85
A1980,0.8
A1981,0.8
A1982,0.8
A1983,0.85
A1984,0.75
A1985,0.7
A1986,0.7
A1987,0.7
A1988,0.65
A1989,0.7
A1990,0.45
A1991,0.55
A1992,0.65
A1993,0.7
A1994,0.75
A1995,0.65
A1996,0.6
A1997,0.6
A1998,0.55
A1999,0.55
A2000,0.65
A2001,0.65
A2002,0.6
A2003,0.7
A2004,0.7
A2005,0.65
A2006,0.65
A2007,0.65
A2008,0.65
A2009,0.65
A2010,0.65
A2011,0.6
A2012,0.55
A2013,0.55
A2014,0.45
A2015,0.45
A2016,0.55
A2017,0.55
A2018,0.55
A2019,0.55
A2020,0.5
A2021,0.4
A2022,0.35
A2023,0.55
A2024,0.6
A2025,0.6
A2026,0.75
A2027,0.6
A2028,0.6
A2029,0.55
A2030,0.6
A2031,0.7
A2032,0.65
A2033,0.65
A2034,0.65
A2035,0.55
A2036,0.55
A2037,0.7
A2038,0.7
A2039,0.7
A2040,0.6
A2041,0.6
A2042,0.6
A2043,0.6
A2044,0.7
A2045,0.7
A2046,0.65
A2047,0.6
A2048,0.65
A2049,0.4
A2050,0.5
A2051,0.5
A2052,0.55
A2053,0.6
A2054,0.65
A2055,0.6
A2056,0.6
A2057,0.6
A2058,0.6
A2059,0.45
A2060,0.6
A2061,0.6
A2062,0.65
A2063,0.65
A2064,0.6
A2065,0.5
A2066,0.7
A2067,0.65
A2068,0.65
A2069,0.6
A2070,0.5
A2071,0.45
A2072,0.45
A2073,0.45
A2074,0.6
A2075,0.6
A2076,0.6
A2077,0.6
A2078,0.65
A2079,0.65
A2080,0.65
A2081,0.65
A2082,0.65
A2083,0.55
A2084,0.6
A2085,0.65
A2086,0.75
A2087,0.7
A2088,0.7
A2089,0.75
A2090,0.75
A2091,0.65
A2092,0.6
A2093,0.6
A2094,0.6
A2095,0.55
A2096,0.65
A2097,0.75
A2098,0.75
A2099,0.75
A2100,0.7
A2101,0.7
A2102,0.7
A2103,0.65
A2104,0.6
A2105,0.6
A2106,0.6
A2107,0.5
A2108,0.5
A2109,0.65
A2110,0.55
A2111,0.65
A2112,0.6
A2113,0.65
A2114,0.65
A2115,0.65
A2116,0.6
A2117,0.6
A2118,0.65
A2119,0.65
A2120,0.5
A2121,0.6
A2122,0.6
A2123,0.55
A2124,0.55
A2125,0.55
A2126,0.55
A2127,0.45
A2128,0.6
A2129,0.5
A2130,0.55
A2131,0.65
A2132,0.65
A2133,0.65
A2134,0.7
A2135,0.7
A2136,0.65
A2137,0.55
A2138,0.6
A2139,0.65
A2140,0.65
A2141,0.75
A2142,0.75
A2143,0.75
A2144,0.7
A2145,0.65
A2146,0.45
A2147,0.4
A2148,0.65
A2149,0.65
A2150,0.65
A2151,0.55
A2152,0.5
A2153,0.35
A2154,0.35
A2155,0.5
A2156,0.55
A2157,0.55
A2158,0.55
A2159,0.55
A2160,0.6
A2161,0.65
A2162,0.55
A2163,0.55
A2164,0.6
A2165,0.55
A2166,0.45
A2167,0.6
A2168,0.55
A2169,0.55
A2170,0.55
A2171,0.7
A2172,0.55
A2173,0.6
A2174,0.6
A2175,0.6
A2176,0.65
A2177,0.6
A2178,0.7
A2179,0.7
A2180,0.65
A2181,0.55
A2182,0.45
A2183,0.65
A2184,0.45
A2185,0.5
A2186,0.6
A2187,0.65
A2188,0.6
A2189,0.6
A2190,0.65
A2191,0.65
A2192,0.6
A2193,0.5
A2194,0.5
A2195,0.6
A2196,0.55
A2197,0.55
A2198,0.65
A2199,0.65
A2200,0.65
A2201,0.65
A2202,0.65
A2203,0.7
A2204,0.55
A2205,0.6
A2206,0.6
A2207,0.6
A2208,0.5
A2209,0.55
A2210,0.6
A2211,0.6
A2212,0.6
A2213,0.7
A2214,0.75
A2215,0.75
A2216,0.7
A2217,0.7
A2218,0.65
A2219,0.55
A2220,0.6
A2221,0.6
A2222,0.65
A2223,0.65
A2224,0.75
A2225,0.6
A2226,0.65
A2227,0.65
A2228,0.6
A2229,0.6
A2230,0.6
A2231,0.6
A2232,0.6
A2233,0.55
A2234,0.65
A2235,0.7
A2236,0.45
A2237,0.55
A2238,0.55
A2239,0.7
A2240,0.75
A2241,0.6
A2242,0.6
A2243,0.6
A2244,0.65
A2245,0.7
A2246,0.7
A2247,0.7
A2248,0.75
A2249,0.8
A2250,0.75
A2251,0.75
A2252,0.65
A2253,0.6
A2254,0.65
A2255,0.7
A2256,0.75
A2257,0.6
A2258,0.5
A2259,0.4
A2260,0.45
A2261,0.45
A2262,0.45
A2263,0.6
A2264,0.65
A2265,0.6
A2266,0.55
A2267,0.55
A2268,0.6
A2269,0.6
A2270,0.55
A2271,0.65
A2272,0.65
A2273,0.65
A2274,0.75
A2275,0.75
A2276,0.8
A2277,0.8
A2278,0.8
A2279,0.6
A2280,0.6
A2281,0.55
A2282,0.8
A2283,0.6
A2284,0.7
A2285,0.7
A2286,0.6
A2287,0.55
A2288,0.55
A2289,0.5
A2290,0.55
A2291,0.55
A2292,0.7
A2293,0.75
A2294,0.75
A2295,0.65
A2296,0.65
A2297,0.65
A2298,0.65
A2299,0.65
A2300,0.6
A2301,0.65
A2302,0.5
A2303,0.5
A2304,0.5
A2305,0.5
A2306,0.5
A2307,0.5
A2308,0.5
A2309,0.5
A2310,0.65
A2311,0.7
A2312,0.65
A2313,0.7
A2314,0.75
A2315,0.8
A2316,0.8
A2317,0.8
A2318,0.75
A2319,0.8
A2320,0.7
A2321,0.65
A2322,0.7
A2323,0.65
A2324,0.55
A2325,0.5
A2326,0.5
A2327,0.5
A2328,0.5
A2329,0.45
A2330,0.45
A2331,0.45
A2332,0.6
A2333,0.6
A2334,0.6
A2335,0.6
A2336,0.65
A2337,0.6
A2338,0.65
A2339,0.65
A2340,0.65
A2341,0.65
A2342,0.7
A2343,0.7
A2344,0.65
A2345,0.75
A2346,0.5
A2347,0.5
A2348,0.65
A2349,0.65
A2350,0.65
A2351,0.55
A2352,0.6
A2353,0.6
A2354,0.6
A2355,0.7
A2356,0.65
A2357,0.45
A2358,0.65
A2359,0.7
A2360,0.6
A2361,0.6
A2362,0.65
A2363,0.75
A2364,0.55
A2365,0.55
A2366,0.5
A2367,0.7
A2368,0.75
A2369,0.45
A2370,0.5
A2371,0.55
A2372,0.75
A2373,0.65
A2374,0.6
A2375,0.6
A2376,0.45
A2377,0.65
A2378,0.7
A2379,0.7
A2380,0.55
A2381,0.65
A2382,0.65
A2383,0.7
A2384,0.7
A2385,0.75
A2386,0.8
A2387,0.7
A2388,0.75
A2389,0.65
A2390,0.55
A2391,0.5
A2392,0.5
A2393,0.65
A2394,0.6
A2395,0.55
A2396,0.5
A2397,0.6
A2398,0.5
A2399,0.55
A2400,0.7
A2401,0.7
A2402,0.5
A2403,0.5
A2404,0.5
A2405,0.55
A2406,0.65
A2407,0.65
A2408,0.65
A2409,0.6
A2410,0.6
A2411,0.8
A2412,0.75
A2413,0.75
A2414,0.65
A2415,0.65
A2416,0.5
A2417,0.7
A2418,0.6
A2419,0.6
A2420,0.65
A2421,0.5
A2422,0.5
A2423,0.55
A2424,0.5
A2425,0.4
A2426,0.65
A2427,0.7
A2428,0.75
A2429,0.65
A2430,0.7
A2431,0.6
B1,0.75
B2,0.65
B3,0.25
B4,0.5
B5,0.7
B6,0.65
B7,0.6
B8,0.6
B9,0.6
B10,0.65
B11,0.65
B12,0.65
B13,0.65
B14,0.65
B15,0.65
B16,0.65
B17,0.65
B18,0.65
B19,0.65
B20,0.65
B21,0.65
B22,0.6
B23,0.65
B24,0.65
B25,0.6
B26,0.5
B28,0.55
B29,0.7
B30,0.7
B31,0.65
B32,0.7
B35,0.75
B36,0.5
B38,0.55
B39,0.55
B40,0.6
B41,0.8
B42,0.7
B43,0.65
B44,0.6
B45,0.75
B46,0.75
B47,0.75
B48,0.75
B49,0.65
B50,0.45
B51,0.45
B52,0.6
B53,0.65
B54,0.65
B55,0.55
B56,0.55
B57,0.55
B58,0.6
B59,0.7
B60,0.65
B61,0.75
B62,0.8
B63,0.6
B64,0.55
B65,0.45
B66,0.5
B67,0.55
B68,0.5
B69,0.65
B70,0.7
B71,0.7
B72,0.75
B73,0.6
B74,0.6
B75,0.5
B76,0.65
B77,0.7
B78,0.7
B79,0.55
B80,0.65
B81,0.6
B82,0.75
B83,0.8
B84,0.6
B86,0.65
B87,0.65
B88,0.55
B90,0.45
B91,0.35
B92,0.55
B93,0.65
B94,0.65
B95,0.75
B96,0.7
B97,0.5
B98,0.7
B99,0.7
B100,0.75
B101,0.7
B102,0.65
B103,0.6
B104,0.7
B105,0.7
B106,0.6
B107,0.8
B108,0.55
B109,0.7
B110,0.55
B111,0.7
B112,0.55
B113,0.6
B114,0.6
B115,0.7
B116,0.7
B117,0.7
B118,0.6
B119,0.8
B120,0.65
B121,0.65
B122,0.55
B123,0.7
B124,0.7
B125,0.55
B126,0.55
B127,0.5
B128,0.7
B129,0.55
B130,0.7
B131,0.55
B132,0.7
B133,0.5
B134,0.6
B135,0.65
B136,0.45
B137,0.75
B138,0.6
B139,0.7
B140,0.65
B141,0.8
B142,0.7
B143,0.65
B144,0.6
B145,0.55
B146,0.8
B147,0.8
B148,0.55
B149,0.65
B150,0.65
B151,0.8
B152,0.6
B153,0.6
B154,0.6
B155,0.6
B156,0.5
B157,0.6
B158,0.6
B159,0.5
B160,0.55
B161,0.65
B162,0.55
B163,0.75
B164,0.6
B165,0.75
B166,0.65
B167,0.7
B168,0.7
B169,0.7
B170,0.5
B171,0.6
B172,0.6
B179,0.65
B180,0.75
B181,0.6
B182,0.55
B183,0.5
B184,0.7
B185,0.65
B186,0.65
B187,0.6
B188,0.6
B189,0.6
B190,0.45
B191,0.75
B192,0.65
B193,0.65
B194,0.65
B195,0.6
B196,0.7
B197,0.55
B198,0.75
B199,0.65
B200,0.65
B201,0.6
B202,0.6
B203,0.6
B204,0.7
B205,0.6
B206,0.65
B207,0.6
B208,0.6
B209,0.55
B210,0.7
B211,0.6
B212,0.65
B213,0.8
B214,0.7
B215,0.8
B216,0.7
B217,0.65
B218,0.65
B219,0.65
B220,0.8
B221,0.8
B222,0.6
B223,0.6
B224,0.65
B225,0.6
B226,0.75
B227,0.5
B228,0.7
B229,0.65
B230,0.7
B231,0.45
B232,0.8
B233,0.6
B234,0.7
B235,0.8
B236,0.65
B237,0.65
B238,0.5
B239,0.6
B240,0.8
B241,0.55
B242,0.55
B243,0.45
B244,0.65
B245,0.8
B246,0.7
B247,0.45
B248,0.7
B249,0.65
B250,0.6
B251,0.6
B252,0.7
B253,0.55
B254,0.6
B255,0.65
B256,0.65
B257,0.7
B258,0.6
B259,0.65
B260,0.75
B261,0.6
B262,0.7
B263,0.8
B264,0.8
B265,0.75
B266,0.75
B267,0.65
B281,0.55
B282,0.7
B283,0.6
B284,0.65
B285,0.6
B286,0.75
B287,0.6
B288,0.5
B289,0.75
B290,0.65
B291,0.6
B292,0.6
B293,0.5
B294,0.8
B295,0.65
B296,0.8
B297,0.5
B299,0.6
B302,0.4
B303,0.65
B304,0.55
B305,0.6
B306,0.5
B307,0.6
B308,0.55
B309,0.7
B310,0.6
B311,0.45
B312,0.65
B313,0.65
B314,0.55
B315,0.55
B317,0.7
B318,0.65
B319,0.6
B320,0.6
B321,0.45
B322,0.65
B324,0.5
B326,0.65
B327,0.75
B328,0.6
B329,0.65
B330,0.65
B331,0.65
B332,0.6
B333,0.55
B334,0.55
B335,0.5
B336,0.55
B337,0.45
B338,0.5
B339,0.65
B340,0.65
B341,0.6
B342,0.6
B343,0.55
B344,0.7
B345,0.45
B346,0.6
B347,0.7
B348,0.7
B349,0.5
B350,0.7
B351,0.55
B352,0.55
B353,0.5
B354,0.7
B355,0.55
B356,0.85
B357,0.7
B358,0.5
B359,0.7
B360,0.7
B361,0.65
B362,0.7
B363,0.5
B364,0.6
B365,0.7
B366,0.6
B367,0.7
B368,0.75
B369,0.75
B370,0.65
B371,0.6
B372,0.65
B373,0.6
B375,0.6
B376,0.5
B378,0.8
B379,0.6
B380,0.7
B381,0.5
B383,0.6
B384,0.55
B385,0.7
B386,0.65
B387,0.8
B388,0.65
B389,0.6
B390,0.65
B391,0.65
B392,0.5
B393,0.55
B394,0.65
B395,0.55
B396,0.65
B397,0.65
B398,0.6
B399,0.55
B400,0.55
B401,0.55
B402,0.5
B403,0.65
B404,0.6
B405,0.6
B406,0.6
B407,0.65
B408,0.65
B409,0.5
B410,0.6
B411,0.55
B412,0.75
B413,0.6
B414,0.7
B415,0.6
B416,0.55
B417,0.6
B418,0.6
B419,0.6